"ProjectCode","OrgCode","InspectionId","InspectionDate","InspectorInitials","InspectionSummary","RecentFollowUp","InspectionDocumentName","InspectionDocumentFilename","InspectionDocumentURL","FollowUpDocumentNames ","FollowUpDocumentFileames","FollowUpDocumentUrls","OtherDocument","OtherDocumentURL","AuthorizationID","Type of Inspection"
"Mount Milligan","MEM",61037,1/12/2016,"RCC","On January 12, 2016, Rory Cumming, Inspector of Mines, Electrical visited the Mount Milligan mine site to conduct an electrical inspection.","Mine Manager's Response","MEM Inspection Report 61037","M-236_Mount_Milligan_2016-01-12_InspectionRpt_61037_RCC","https://mines.empr.gov.bc.ca/api/document/586e90fcd2ec8e001b1c8887/fetch","Mine Manager's Response to Inspection Report 61037","M-236_Mount_Milligan_2016-01-12_InspectionRptResponse_61037_RCC","https://mines.empr.gov.bc.ca/api/document/582259826d6ad30017cd6dd7/fetch",,,,"Mechanical-ElectricalMechanical-ElectricalMechanical-ElectricalMechanical-Electrical"
"Mount Milligan","MEM",62156,3/3/2016,"LM","On March 3, 2016, Laurie Meade and Kris Bailey, Inspectors of Mines, Health and Safety conducted an inspection at the Mount Milligan mine. The inspectors reviewed the mine's first aid records, training records and mine rescue training records and inspected the warehouse and shops.","Mine Manager's Response","MEM Inspection Report 62156","M-236_Mount_Milligan_2016-03-03_InspectionRpt_62156_LM","https://mines.empr.gov.bc.ca/api/document/586c45a125f12d001d2f4da9/fetch","Mine Manager's Response to Inspection Report 62156","M-236_Mount_Milligan_2016-03-03_InspectionRptResponse_62156_LM","https://mines.empr.gov.bc.ca/api/document/582293ff6d6ad30017ce0b0f/fetch",,,,"General"
"Mount Milligan","MEM",63456,4/26/2016,"JVR","On April 26, 2016, James Robinson and Laurie Meade, Inspectors of Mines, Health and Safety, and Aaron Unger, Inspector of Mines, Ergonomics, visited the Mount Milligan mine to conduct a comprehensive inspection. ","Mine Manager's Response","MEM Inspection Report 63456","M-236_Mount_Milligan_2016-04-26_InspectionRpt_63456_JVR","https://mines.empr.gov.bc.ca/api/document/586c447925f12d001d2f4d4a/fetch","Mine Manager's Response to Inspection Report 63456","M-236_Mount_Milligan_2016-04-26_InspectionRptResponse_63456_JVR","https://mines.empr.gov.bc.ca/api/document/582294086d6ad30017ce0b36/fetch",,,,"General"
"Mount Milligan","MEM",63537,4/26/2016,"AAU","On April 26, 2016, James Robinson and Laurie Meade, Inspectors of Mines, Health and Safety, and Aaron Unger, Inspector of Mines, Ergonomics, visited the Mount Milligan mine to conduct a comprehensive inspection. ","Mine Manager's Response","MEM Inspection Report 63537","M-236_Mount_Milligan_2016-04-26_InspectionRpt_63537_AAU","https://mines.empr.gov.bc.ca/api/document/586c460625f12d001d2f4dbc/fetch","Mine Manager's Response to Inspection Report 63537","M-236_Mount_Milligan_2016-04-26_InspectionRptResponse_63537_AAU","https://mines.empr.gov.bc.ca/api/document/5822940b6d6ad30017ce0b43/fetch",,,,"Occupational Health"
"Mount Milligan","MEM",63598,4/26/2016,"LM","On April 26, 2016, James Robinson and Laurie Meade, Inspectors of Mines, Health and Safety, and Aaron Unger, Inspector of Mines, Ergonomics, visited the Mount Milligan mine to conduct a comprehensive inspection. ","Mine Manager's Response","MEM Inspection Report 63598","M-236_Mount_Milligan_2016-04-26_InspectionRpt_63598_LM","https://mines.empr.gov.bc.ca/api/document/586c447925f12d001d2f4d48/fetch","Mine Manager's Response to Inspection Report 63598","M-236_Mount_Milligan_2016-04-26_InspectionRptResponse_63598_LM","https://mines.empr.gov.bc.ca/api/document/582294016d6ad30017ce0b1c/fetch",,,,"General"
"Mount Milligan","MEM",65437,6/29/2016,"LM","On June 29, 2016, Lori Meade, Inspector of Mines, Health and Safety and Brian Oke, Inspector of Mines, Permitting, visited the Mount Milligan mine site to conduct a general inspection. ","Mine Manager's Response","MEM Inspection Report 65437","M-236_Mount_Milligan_2016-06-29_InspectionRpt_65437_LM","https://mines.empr.gov.bc.ca/api/document/586c447925f12d001d2f4d49/fetch","Mine Manager's Response to Inspection Report 65437","M-236_Mount_Milligan_2016-06-29_InspectionRptResponse_65437_LM","https://mines.empr.gov.bc.ca/api/document/582294036d6ad30017ce0b29/fetch",,,,"General"
"Mount Milligan","MEM",68056,9/1/2016,"LM","On September 1, 2016, Laurie Meade and Kris Bailey, Inspectors of Mines, Health and Safety conducted a general inspection of the Mount Milligan mine site.","Mine Manager's Response","MEM Inspection Report 68056","M-236_Mount_Milligan_2016-09-01_InspectionRpt_68056_LM",,,,,,,,"General"
"Mount Milligan","MEM",69820,9/7/2016,"SES","An inspection of the Mount Milligan mine was conducted on September 7, 2016, by Sean Shaw (Inspector of Mines, Environmental Geoscience), John Przeczek (contracted Inspector of Mines, Reclamation) and Brian Oke (Inspector of Mines, Permitting). The inspectors were accompanied by the mine manager and several mine employees as well as three members of the Nak ‘Azdli Whut’en First Nation.","Mine Manager's Response","MEM Inspection Report 69820","M-236_Mount_Milligan_2016-09-07_InspectionRpt_69820_Redacted",,,,,,,,"Reclamation"
"Red Chris","MEM",61776,2/15/2016,"RSP","On February 15, 2016, Scott Parker, Inspector of Mines, Health and Safety, visited the Red Chris mine site to conduct a general inspection. ","Mine Manager's Response","MEM Inspection Report 61776","M-240_Red_Chris_2016-02-15_InspectionRpt_61776_RSP","https://mines.empr.gov.bc.ca/api/document/586e95f0d2ec8e001b1c889a/fetch","Mine Manager's Response to Inspection Report 61776","M-240_Red_Chris_2016-02-15_InspectionRptResponse_61776_RSP","https://mines.empr.gov.bc.ca/api/document/5865609325f12d001d2f4d33/fetch",,,,"General"
"Red Chris","MEM",62716,3/24/2016,"JVR","On March 24, 2016, James Robinson, Inspector of Mines, and Garry MacDonald, Inspector of Mines, Mechanical,  visited the Red Chris mine site to conduct a general inspection.","Mine Manager's Response","MEM Inspection Report 62716","M-240_Red_Chris_2016-03-24_InspectionRpt_62716_JVR","https://mines.empr.gov.bc.ca/api/document/586e9664d2ec8e001b1c88ad/fetch","Mine Manager's Response to Inspection Report 62716","M-240_Red_Chris_2016-03-24_InspectionRptResponse_62716_JVR ","https://mines.empr.gov.bc.ca/api/document/582293136d6ad30017ce0441/fetch",,,,"General"
"Red Chris","MEM",63637,3/28/2016,"ERP","On March 28, 2016, Emmanuel Padley, Inspector of Mines, Electrical and Doug Flynn, Inspector of Mines, visited the Red Chris mine site to conduct a mechanical-electrical inspection. ","Mine Manager's Response","MEM Inspection Report 63637","M-240_Red_Chris_2016-04-28_InspectionRpt_63637_ERP","https://mines.empr.gov.bc.ca/api/document/586ea11ed2ec8e001b1c88c0/fetch","Mine Manager's Response to Inspection Report 63637","M-240_Red_Chris_2016-04-28_InspectionRptResponse_63637_ERP ","https://mines.empr.gov.bc.ca/api/document/5822931a6d6ad30017ce0468/fetch",,,,"Mechanical-Electrical"
"Red Chris","MEM",63977,4/28/2016,"DWF","On April 28-29, 2016, Doug Flynn, Senior Inspector of Mines, Health & Safety and Emmanuel Padley, Senior Inspector of Mines, Electrical, visited the Red Chris mine site to conduct a general inspection. ","Mine Manager's Response","MEM Inspection Report 63977","M-240_Red_Chris_2016-04-28_InspectionRpt_63977_DWF_Redacted","https://mines.empr.gov.bc.ca/api/document/586ea2f2d2ec8e001b1c88d3/fetch","Mine Manager's Response to Inspection Report 63977","M-240_Red_Chris_2016-04-28_InspectionRptResponse_63977_DWF_Redacted","https://mines.empr.gov.bc.ca/api/document/582293106d6ad30017ce0434/fetch",,,,"General"
"Red Chris","MEM",64760,6/8/2016,"BRB ","On June 8, 2016, Brenda Bailey, Senior Environmental Geoscientist and Liz Murphy, Reclamation Inspector, visited the Red Chris mine site to conduct an inspection on reclamation conditions. ","Inspection Complete","MEM Inspection Report 64760","M-240_Red_Chris_2016-06-08_InspectionRpt_64760_BRB","https://mines.empr.gov.bc.ca/api/document/5822931c6d6ad30017ce0475/fetch ",,,,,,,"Reclamation"
"Red Chris","MEM",65917,6/22/2016,"DWF","On June 22, 2016, Doug Flynn, Inspector of Mines, Health and Safety, visited the Red Chris mine site to conduct a general inspection. ","Mine Manager's Response","MEM Inspection Report 65917","M-240_Red_Chris_2016-06-22_InspectionRpt_65917_DWF","https://mines.empr.gov.bc.ca/api/document/5822930f6d6ad30017ce0427/fetch ","Mine Manager's Response to Inspection Report 65917","M-240_Red_Chris_2016-06-22_InspectionRptResponse_65917_DWF","https://mines.empr.gov.bc.ca/api/document/5881421521c6e7001b50d10c/fetch",,,,"General"
"Mount Polley","MEM",63681,4/29/2016,"RCC","On April 29, 2016, Rory Cumming, Inspector of Mines, Electrical,  visited the Mount Polley mine site to conduct an electrical inspection.","Inspection Complete","MEM Inspection Report 63681","M-200_Mount_Polley_2016-04-29_InspectionRpt_63681_RCC","https://mines.empr.gov.bc.ca/api/document/58753afa45b180001b296b29/fetch",,,,,,,"Electrical"
"Mount Polley","MEM",64397,5/19/2016,"HK","On May 19, 2016, Haley Kuppers, Inspector of Mines, Health and Safety, and Tania Demchuk, Inspector of Mines, Environmental Geoscientist,  visited the Mount Polley mine site to conduct a general inspection. ","Mine Manager's Response","MEM Inspection Report 64397","M-200_Mount_Polley_2016-05-19_InspectionRpt_64397_HK","https://mines.empr.gov.bc.ca/api/document/58753dcf195c6e001b3e18dc/fetch","Mine Manager's Response to Inspection Report 64397","M-200_Mount_Polley_2016-05-19_InspectionRptResponse_64397_HK","https://mines.empr.gov.bc.ca/api/document/58753b2545b180001b296b3c/fetch",,,,"General"
"Mount Polley","MEM",64617,6/6/2016,"SGR","On June 6, 2016, Jennifer McConnachie, Senior Reclamation Inspector, Sean Shaw, Senior Environmental Scientist, Sonja Meili, Reclamation Specialist, Steve Rothman, Senior Health and Safety Inspector and Blythe Golobic, Health and Safety Inspector, visited the Mount Polley mine site to conduct a general inspection. ","Mine Manager's Response","MEM Inspection Report 64617","M-200_Mount_Polley_2016-06-06_InspectionRpt_64617_SGR","https://mines.empr.gov.bc.ca/api/document/58753e5f195c6e001b3e18ef/fetch","Mine Manager's Response to Inspection Report 64617","M-200_Mount_Polley_2016-06-06_InspectionRptResponse_64617_SGR","https://mines.empr.gov.bc.ca/api/document/58753beb45b180001b296b4f/fetch",,,,"General"
"Copper Mountain","MEM",63579,4/25/2016,"RCC","On March 25, 2016, Rory Cumming, Inspector of Mines, Electrical, visited the Mount Polley mine to conduct a mechanical-electrical inspection. ","Inspection Complete","MEM Inspection Report 63579","M-29_Copper_Mountain_2016-04-25_InspectionRpt_63579_RCC","https://mines.empr.gov.bc.ca/api/document/5849bca89dcf6000197cc795/fetch",,,,,,,"Mechanical-Electrical"
"Copper Mountain","MEM",64276,5/17/2016,"AAU","On May 17, 2016, Aaron Unger, Inspector of Mines, Ergonomics and Blythe Golobic, Inspector of Mines, Health and Safety, visited the Copper Mountain mine site to conduct a health and safety inspection.  ","Mine Manager's Response","MEM Inspection Report 64276","M-29_Copper_Mountain_2016-05-17_InspectionRpt_64276_AAU_Redacted","https://mines.empr.gov.bc.ca/api/document/58754019195c6e001b3e1902/fetch","Mine Manager's Response to Inspection Report 64276","M-29_Copper_Mountain_2016-05-17_InspectionRptResponse_64276_AAU_Redacted","https://mines.empr.gov.bc.ca/api/document/582293e46d6ad30017ce0a66/fetch",,,,"Occupational Health"
"Highland Valley Copper","MEM",63580,4/26/2016,"RCC","On April 26, 2016, Rory Cumming, Inspector of Mines, Electrical, visited the Highland Valley Copper mine site to conduct a mechanical-electrical inspection. ","Mine Manager's Response","MEM Inspection Report 63580","M-11_HVC_2016-04-26_InspectionRpt_63580_RCC","https://mines.empr.gov.bc.ca/api/document/5875433d195c6e001b3e1915/fetch","Mine Manager's Response to Inspection Report 63580","M-11_HVC_2016-04-26_InspectionRptResponse_63580_RCC","https://mines.empr.gov.bc.ca/api/document/582293df6d6ad30017ce0a3f/fetch",,,,"Mechanical-Electrical"
"Gibraltar","MEM",63677,4/28/2016,"RCC","On April 28, 2016, Rory Cumming, Inspector of Mines, Electrical, visited the Gibraltar mine site to conduct a mechanical-electrical inspection. ",,"MEM Inspection Report 63677","M-40_Gibraltar_2016-04-28_InspectionRpt_63677_RCC","https://mines.empr.gov.bc.ca/api/document/58754435195c6e001b3e1928/fetch","Mine Manager's Response to Inspection Report 63677","M-40_Gibraltar_2016-04-28_InspectionRptResponse_63677_RCC","https://mines.empr.gov.bc.ca/api/document/582293e66d6ad30017ce0a80/fetch",,,,"Mechanical-Electrical"
"Gibraltar","MEM",64478,5/25/2016,"SGR","On May 25, 2016, Stephen Rothman, Inspector of Mines, Health and Safety, and Blythe Golobic, visited the Gibraltar mine site to conduct a general inspection. ",,"MEM Inspection Report 64478","M-40_Gibraltar_2016-05-25_InspectionRpt_64478_SGR_Redacted","https://mines.empr.gov.bc.ca/api/document/5875447e195c6e001b3e193b/fetch","Mine Manager's Response to Inspection Report 64478","M-40_Gibraltar_2016-05-25_InspectionRptResponse_64478_SGR_Redacted","https://mines.empr.gov.bc.ca/api/document/582293e56d6ad30017ce0a73/fetch",,,,"General"
"Gibraltar","MEM",66057,6/7/2016,"SM","On June 6, 2016, Sean Shaw, Environmental Geoscientist, Jennifer McConnachie, Reclamation, Sonia Meili, Reclamation and Blythe Golobic visited the Gibraltar mine to conduct an inspection of reclamation trials. ",,"MEM Inspection Report 66057","M-40_Gibraltar_2016-06-07_InspectionRpt_66057_SM_Redacted","https://mines.empr.gov.bc.ca/api/document/582293ed6d6ad30017ce0aa7/fetch","Mine Manager's Response to Inspection Report 66057","M-40_Gibraltar_2016-08-03_InspectionRptResponse_66057_Redacted","https://mines.empr.gov.bc.ca/api/document/582293e86d6ad30017ce0a9a/fetch","M-40_Gibraltar_2016-08-04_InspectionRpt_Followup_66057","https://mines.empr.gov.bc.ca/api/document/582293e76d6ad30017ce0a8d/fetch",,"Reclamation"
"Gibraltar","MEM",62796,3/30/2016,"SGR","On March 30, 2016, Stephen Rothman, Inspector of Mines, and Blythe Golobic, Inspector of Mines, Health and Safety, visited the Gibraltar mine site to conduct a general inspection. ",,"MEM Inspection Report 62796","M-40_Gibraltar_2016-03-30_InspectionRpt_62796_SGR","https://mines.empr.gov.bc.ca/api/document/5881403021c6e7001b50d0bc/fetch",,,,,,,"General"
"Brule","MEM",61056,1/13/2016,"RCC","On January 13, 2016, Rory Cumming, Inspector of Mines, Electrical, visited the Brule mine to conduct a mechanical-electrical inspection. ",,"MEM Inspection Report 61056","C-221_Brule_2016-01-13_InspectionRpt_61056_RCC","https://mines.empr.gov.bc.ca/api/document/58228d2d6d6ad30017cddbae/fetch",,,,,,,"Mechanical-Electrical"
"Brule","MEM",66096,5/17/2016,"SM","On May 17, 2016, Jennifer McConnachie, Senior Reclamation Inspector, Sonia Meili, Reclamation Inspector, and Liz Murphy visited the Brule mine to conduct an inspection on reclamation activities and conditions. ",,"MEM Inspection Report 66096","C-221_Brule_2016-05-17_InspectionRpt_66096_SM_Redacted","https://mines.empr.gov.bc.ca/api/document/5898fe4887567d001d187978/fetch","Mine Manager's Response to Inspection Report 66096","C-221_Brule_2016-08-03_InspectionRptResponse_66096","https://mines.empr.gov.bc.ca/api/document/5898fe4887567d001d18796b/fetch","C-221_Brule_2016-08-05_InspectionRpt_Followup_66096","https://mines.empr.gov.bc.ca/api/document/5898fe4887567d001d18795e/fetch",,"Reclamation"
"Brule","MEM",68378,5/17/2016,"VM","On May 17, 2016, Victor Marques, Geotechnical Inspector of Mines, visited the Brule mine site to conduct a geotechnical inspection. ",,"MEM Inspection Report 68378","C-221_Brule_2016-05-17_InspectionRpt_68378_VM_Redacted","https://mines.empr.gov.bc.ca/api/document/5899002087567d001d1879a4/fetch","Mine Manager's Response to Inspection Report 68378","C-221_Brule_2016-08-05_InspectionRpt_Followup_66096","https://mines.empr.gov.bc.ca/api/document/5899001f87567d001d187997/fetch",,,,"Geotechnical"
"Elkview Operations","MEM",67277,8/17/2016,"AD","On August 17, 2016, Alan Day, Inspector of Mines, Health and Safety, visited the Elkview mine site to conduct a general inspection. ",,"MEM Inspection Report 67277","C-2_Elkview_2016-08-17_InspectionRpt_67277_AD","https://mines.empr.gov.bc.ca/api/document/5881413821c6e7001b50d0e6/fetch","Mine Manager's Response to Inspection Report 67277","C-2_Elkview_2016-08-17_InspectionRptResponse_67277_AD","https://mines.empr.gov.bc.ca/api/document/588140ec21c6e7001b50d0d2/fetch",,,,"General"
"Elkview Operations","MEM",64136,5/12/2016,"TP","On May 12, 2016, Terry Patterson, Inspector of Mines, Electrical, visited the Elkview mine site to conduct a mechanical-electrical inspection. ",,"MEM Inspection Report 64136","C-2_Elkview_2016-05-12_InspectionRpt_64136_TP","https://mines.empr.gov.bc.ca/api/document/587689c445b180001b296c07/fetch","Mine Manager's Response to Inspection Report 64136","C-2_Elkview_2016-05-12_InspectionRptResponse_64136_TP","https://mines.empr.gov.bc.ca/api/document/582292896d6ad30017cdfe29/fetch",,,,"Mechanical-Electrical"
"Elkview Operations","MEM",63076,4/7/2016,"AD","On April 7, 2016, Alan Day, Inspector of Mines, Health and Safety, visited the Elkview mine site to conduct a general inspection. ",,"MEM Inspection Report 63076","C-2_Elkview_2016-04-07_InspectionRpt_63076_AD","https://mines.empr.gov.bc.ca/api/document/5822928a6d6ad30017cdfe36/fetch",,,,,,,"General"
"Elkview Operations","MEM",61516,1/27/2016,"JVR","On January 27, 2016, James Robinson, Inspector of Mines, and Garry MacDonald, Inspector of Mines, Mechanical, visited the Elkview mine site to conduct a general inspection. ",,"MEM Inspection Report 61516","C-2_Elkview_2016-01-27_InspectionRpt_61516_JVR_Redacted","https://mines.empr.gov.bc.ca/api/document/5876894545b180001b296bf4/fetch","Mine Manager's Response to Inspection Report 61516","C-2_Elkview_2016-01-27_InspectionRptReponse_61516_JVR_Redacted","https://mines.empr.gov.bc.ca/api/document/58227dad6d6ad30017cdc94c/fetch",,,,"General"
"Greenhills Operations","MEM",61460,1/26/2016,"JVR","On January 26, 2016, James Robinson, Inspector of Mines, and Garry MacDonald, Inspector of Mines, Mechanical, visited the Greenhills mine site to conduct a general inspection. ",,"MEM Inspection Report 61460","C-137_Greenhills_2016-01-26_InspectionRpt_61460_JVR_Redacted","https://mines.empr.gov.bc.ca/api/document/5898f19c87567d001d18794b/fetch","Mine Manager's Response to Inspection Report 61460","C-137_Greenhills_2016-01-26_InspectionRptResponse_61460_JVR_Redacted","https://mines.empr.gov.bc.ca/api/document/58227e1a6d6ad30017cdcb95/fetch",,,,"General"
"Greenhills Operations","MEM",62978,4/5/2016,"AD","On April 5, 2016, Alan Day, Inspector of Mines, Health and Safety, visited the Greenhills mine to conduct a general inspection. ",,"MEM Inspection Report 62978","C-137_Greenhills_2016-04-05_InspectionRpt_62978_AD","https://mines.empr.gov.bc.ca/api/document/582293d66d6ad30017ce09fe/fetch",,,,,,,"General"
"Greenhills Operations","MEM",64076,5/11/2016,"TP","On May 11, 2016, Terry Patterson, Inspector of Mines, Electrical, visited the Greenhills mine site to conduct a mechanical-electrical inspection. ",,"MEM Inspection Report 64076","C-137_Greenhills_2016-05-11_InspectionRpt_64076_TP","https://mines.empr.gov.bc.ca/api/document/582293d76d6ad30017ce0a0b/fetch",,,,,,,"Mechanical-Electrical"
"Coal Mountain Operations","MEM",63096,4/8/2016,"AD","On April 8, 2016, Alan Day, Inspector of Mines, Health and Safety, visited the Coal Mountain mine site to conduct a general inspection. ",,"MEM Inspection Report 63096","C-84_Coal_Mountain_2016-04-08_InspectionRpt_63096_AD","https://mines.empr.gov.bc.ca/api/document/5822928e6d6ad30017cdfe5d/fetch",,,,,,,"General"
"Line Creek Operations","MEM",61537,1/28/2016,"JVR","On January 28, 2016, James Robinson, Inspector of Mines, visited the Line Creek mine site to conduct a general inspection.  ",,"MEM Inspection Report 61537","C-129_Line_Creek_2016-01-28_InspectionRpt_61537_JVR","https://mines.empr.gov.bc.ca/api/document/58228d916d6ad30017cddf7d/fetch","Mine Manager's Response to Inspection Report 61537","C-129_Line_Creek_2016-01-28_InspectionRptResponse_61537_JVR","https://mines.empr.gov.bc.ca/api/document/5898ecca87567d001d187938/fetch",,,,"General"
"Fording River Operations","MEM",63018,4/6/2016,"AD","On April 6, 2016, Alan Day, Inspector of Mines, Health and Safety, visited the Fording River mine site to conduct a general inspection. ",,"MEM Inspection Report 63018","C-3_Fording_River_2016-04-06_InspectionRpt_63018_AD","https://mines.empr.gov.bc.ca/api/document/5822928c6d6ad30017cdfe43/fetch",,,,,,,"General"
"Fording River Operations","MEM",64060,5/10/2016,"TP","On May 10, 2016, Terry Patterson, Senior Inspector of Mines, Electrical, and Emmanuel Padley, Senior Inspector of Mines, Electrical, visited the Fording River mine site to conduct a mechanical-electrical inspection. ",,"MEM Inspection Report 64060","C-3_Fording_River_2016-05-10_InspectionRpt_64060_TP","https://mines.empr.gov.bc.ca/api/document/5822928d6d6ad30017cdfe50/fetch",,,,,,,"Mechanical & Electrical"
"Silvertip","MEM",62136,2/23/2016,"DWF","On February 23, 2016, Doug Flynn, Inspector of Mines, and Michael Henry, Yukon Workers Compensation Board, visited the Silvertip mine to conduct a general inspection. ",,"MEM Inspection Report 62136","M-242_Silvertip_2016-02-23_InspectionRpt_62136_DWF","https://mines.empr.gov.bc.ca/api/document/5898dc5b87567d001d18787a/fetch","Mine Manager's Response to Inspection Report 62136","M-242_Silvertip_2016-02-23_InspectionRptResponse_62136_DWF","https://mines.empr.gov.bc.ca/api/document/5898dc5b87567d001d187887/fetch",,,,"General"
"Silvertip","MEM",63680,4/25/2016,"ERP","On April 25, 2016, Emmanuel Padley, Senior Inspector of Mines, Electrical, visited the Silvertip mine site to conduct a mechanical-electrical inspection. ",,"MEM Inspection Report 63680","M-242_Silvertip_2016-04-25_InspectionRpt_63680_ERP","https://mines.empr.gov.bc.ca/api/document/5898ddba87567d001d1878a0/fetch","Mine Manager's Response to Inspection Report 63680","M-242_Silvertip_2016-04-25_InspectionRptResponse_63680_ERP","https://mines.empr.gov.bc.ca/api/document/5898ddbb87567d001d1878ad/fetch",,,,"Mechanical & Electrical"
"Silvertip","MEM",64256,5/17/2016,"BRB","On May 17, 2016, Brenda Bailey, Senior Environmental Geoscientist and James Robinson, Inspector of Mines, Mechanical, visited the Silvertip mine to conduct an inspection on reclamation activities. ",,"MEM Inspection Report 64256","M-242_Silvertip_2016-05-17_InspectionRpt_64256_BRB_Redacted","https://mines.empr.gov.bc.ca/api/document/5898e0a187567d001d1878ec/fetch",,,,,,,"Reclamation"
"Silvertip","MEM",64240,5/17/2016,"JVR","On May 17, 2016, James Robinson, Inspector of Mines, Mechanical, and Brenda Bailey, Senior Environmental Geoscientist, visited the Silvertip mine site for a mechanical-electrical inspection. ",,"MEM Inspection Report 64240","M-242_Silvertip_2016-05-17_InspectionRpt_64240_JVR","https://mines.empr.gov.bc.ca/api/document/5898df7487567d001d1878c6/fetch","Mine Manager's Response to Inspection Report 64240","M-242_Silvertip_2016-05-17_InspectionRptResponse_64240_JVR","https://mines.empr.gov.bc.ca/api/document/5898df7487567d001d1878d3/fetch",,,,"Mechanical & Electrical"
"Brucejack","MEM",62656,3/21/2016,"DWF","On March 21, 2016, Doug Flynn, Inspector of Mines, and Garry Macdonald, Inspector of Mines, Mechanical, and James Robinson, Inspector of Mines, Mechanical, visited the Brucejack mine to conduct a comprehensive inspection.",,"MEM Inspection Report 62656","M-243_Brucejack_2016-03-21_InspectionRpt_62656_DWF","https://mines.empr.gov.bc.ca/api/document/589a67aa87567d001d187dc4/fetch",,"N/A","https://mines.empr.gov.bc.ca/api/document/589a67aa87567d001d187dc4/fetch",,,,"General"
"Brucejack","MEM",62677,3/21/2016,"JVR","On March 21, 2016, James Robinson, Inspector of Mines, visited the Brucejack mine site to conduct an inspection. ",,"MEM Inspection Report 62677","M-243_Brucejack_2016-03-21_InspectionRpt_62677_JVR","https://mines.empr.gov.bc.ca/api/document/5898d06a87567d001d187834/fetch","Mine Manager's Response to Inspection Report 62677","M-243_Brucejack_2016-03-21_InspectionRptResponse_62677_JVR","https://mines.empr.gov.bc.ca/api/document/5898d06a87567d001d187834/fetch",,,,"General"
"Brucejack","MEM",64158,4/30/2016,"DWF","On April 30, 2016,  Doug Flynn, Senior Inspector of Mines, Health and Safety,  Emmanuel Padley,  Inspector of Mines Electrical, and and John Makuk of Brucejack conducted an inspection of the Brucejack Mine.",,"MEM Inspection Report 64158","M-243_Brucejack_2016-04-30_InspectionRpt_64158_DWF","https://mines.empr.gov.bc.ca/api/document/5898d56787567d001d187854/fetch","Mine Manager's Response to Inspection Report 64158","M-243_Brucejack_2016-04-30_InspectionRptResponse_64158_DWF","https://mines.empr.gov.bc.ca/api/document/5898d56787567d001d187854/fetch",,,,"General"
"Brucejack","MEM",63676,4/30/2016,"ERP","On April 30, 2016,  Emmanuel Padley,  Inspector of Mines Electrical, and Doug Flynn, Senior Inspector of Mines, Health and Safety, and John Makuk of Brucejack conducted an inspection of the Brucejack Mine.",,"MEM Inspection Report 63676","M-243_Brucejack_2016-04-30_InspectionRpt_63676_ERP","https://mines.empr.gov.bc.ca/api/document/5898d34287567d001d187847/fetch","Mine Manager's Response to Inspection Report 63676","M-243_Brucejack_2016-04-30_InspectionRptResponse_63676_ERP","https://mines.empr.gov.bc.ca/api/document/5898d34287567d001d187847/fetch",,,,"Mechanical & Electrical"
"Brucejack","MEM",65859,6/20/2016,"DWF","On June 20, 2016, Doug Flynn, Senior Inspector of Mines, Health and Safety, and James Robinson, Inspector of Mines, Mechanical, and Earl Holden, Occupation Safety and Health Officer, WorkSafeBC, visited the Brucejack mine to conduct a comprehensive inspection. ",,"MEM Inspection Report 65859","M-243_Brucejack_2016-06-20_InspectionRpt_65859_DWF","https://mines.empr.gov.bc.ca/api/document/5898d89c87567d001d187867/fetch","Mine Manager's Response to Inspection Report 65859","M-243_Brucejack_2016-06-20_InspectionRptResponse_65859_DWF_Redacted","https://mines.empr.gov.bc.ca/api/document/5898d89c87567d001d187867/fetch",,,,"General"
"Brucejack","MEM",65222,6/21/2016,"JVR","On June 21, 2016, James Robinson, Inspector of Mines, Permitting, visited the Brucejack mine to conduct a comprehensive inspeciton.",,"MEM Inspection Report 65222","M-243_Brucejack_2016-06-21_InspectionRpt_65222_JVR","https://mines.empr.gov.bc.ca/api/document/5822940d6d6ad30017ce0b6a/fetch",,"N/A","https://mines.empr.gov.bc.ca/api/document/5822940d6d6ad30017ce0b6a/fetch",,,,"General"
"Brucejack","ENV",27158,7/7/2016,"DM, NB","On June 7, 2016, Environmental Protection Officers Neil Bailey and David Maedel conducted an on-site inspection at the Brucejack mine. They were accompanied by staff from the Ministry of Forests, Lands and Natural Resource Operations and Pretivm Resources Ltd. The inspectors visited the Wildfire, Bowser and Brucejack camps and reviewed the 2015 annual report to examine compliance with the air discharge permit issued for Brucejack under the Environmental Management Act.",,"ENV Inspection Report 27158","Brucejack_2016-07-07_EP-InspectionRpt_AMS107025_27158","https://mines.empr.gov.bc.ca/api/document/589bba1387567d001d1881ac/fetch",,,,,,,
"Brucejack","ENV",27161,7/7/2016,"NB","On June 7, 2016, Neil Bailey, Senior Environmental Protection Officer, conducted an on-site inspection of the Brucejack mine's effluent discharge authorized under its Environmental
Management Act permit. The inspector was accompanied by Environmental Protection Officer David Maedel as well as staff from the Ministry of Forests, Lands and Natural Resource Operations and Pretivm Resources Ltd.",,"ENV Inspection Report 27161","Brucejack_2016-07-07_EP-InspectionRpt_AMS107835_27161","https://mines.empr.gov.bc.ca/api/document/589bba1387567d001d1881ad/fetch",,,,,,,
"Brule","ENV",25026,2/4/2016,"MB","On February 4, 2016, Matthew Beckett, Senior Environmental Protection Officer, conducted an on-site inspection at the Brule mine. The inspection involved reviewing the 2014 annual water quality report and various 2015 monthly reports. ",,"ENV Inspection Report 25026","Brule_2016-02-04_EP-InspectionRpt_AMS17679_25026","https://mines.empr.gov.bc.ca/api/document/589bb98d87567d001d188179/fetch",,,,,,,
"Brule","ENV",31117,10/19/2016,"DS, LA","On October 19, 2016, Environmental Protection Officers Liz Archibald and Darren Stewart conducted an on-site inspection at the Brule mine. The purpose of the inspection was to assess compliance with the Environmental Management Act effluent discharge permit.
",,"ENV Inspection Report 31117","Brule_2016-10-19_EP-InspectionRpt_AMS17679_31117","https://mines.empr.gov.bc.ca/api/document/589bb98c87567d001d188178/fetch",,,,,,,
"Brule","ENV",31131,10/19/2016,"LA","On October 25, 2016, Liz Archibald, Environmental Protection Officer, conducted a data review of Brule's 2015 annual report. The scope of the data review was to identify any non-compliances with the effluent discharge permit during the 2015 monitoring period.",,"ENV Inspection Report 31131","Brule_2016-10-19_EP-InspectionRpt_AMS17679_31131","https://mines.empr.gov.bc.ca/api/document/589bb98d87567d001d18817a/fetch",,,,,,,
"Brule","ENV",31116,10/19/2016,"LA","On October 19, 2016, Environmental Protection Officers Liz Archibald and Darren Stewart Officer, visited the Brule mine to conduct an on-site inspection to verify compliance with the air discharge permit issued to the mine under the Environmental Management Act.",,"ENV Inspection Report 31116","Brule_2016-10-19_EP-InspectionRpt_AMS17680_31116","https://mines.empr.gov.bc.ca/api/document/589bb98d87567d001d18817d/fetch",,,,,,,
"Coal Mountain Operations","ENV",26167,2/25/2016,"LA","On February 25, 2016, Liz Archibald, Environmental Protection Officer, conducted a data review of 2015 quarterly reports for the air discharge permit issued to Coal Mountain under the Environmental Management Act.",,"ENV Inspection Report 26167","Coal_Mountain_2016-02-25_EP-InspectionRpt_AMS4751_26167","https://mines.empr.gov.bc.ca/api/document/589bb88c87567d001d188103/fetch",,,,,,,
"Coal Mountain Operations","ENV",30707,1/19/2016,"SP","On October 19, 2016, Stewart Paterson, Environmental Protection Technician, conducted a desktop inspection of the Coal Mountain mine. The inspector reviewed the 2015 fourth-quarter report to determine compliance with the effluent discharge permit issued to the mine under the Environmental Management Act.",,"ENV Inspection Report 30707","Coal_Mountain_2016-10-19_EP-InspectionRpt_AMS4750_30707","https://mines.empr.gov.bc.ca/api/document/589bb88c87567d001d188105/fetch",,,,,,,
"Coal Mountain Operations","ENV",30963,10/26/2016,"SP","On October 26, 2016, Stewart Paterson, Environmental Protection Technician, conducted a desktop inspection of the Coal Mountain mine. The inspector reviewed the 2015 first-quarter report to determine compliance with the effluent discharge permit issued to the mine under the Environmental Management Act.",,"ENV Inspection Report 30963","Coal_Mountain_2016-10-26_EP-InspectionRpt_AMS4750_30963","https://mines.empr.gov.bc.ca/api/document/589bb88c87567d001d188104/fetch",,,,,,,
"Coal Mountain Operations","ENV",31014,10/26/2016,"SP","On October 26, 2016, Stewart Paterson, Environmental Protection Technician, conducted a desktop inspection of the Coal Mountain mine. The inspector reviewed the 2015 second-quarter report to determine compliance with the effluent discharge permit issued  to the mine under the Environmental Management Act.",,"ENV Inspection Report 31014","Coal_Mountain_2016-10-26_EP-InspectionRpt_AMS4750_31014","https://mines.empr.gov.bc.ca/api/document/589bb88c87567d001d188116/fetch",,,,,,,
"Coal Mountain Operations","ENV",31508,11/21/2016,"SP","On November 21, 2016, Stewart Paterson, Environmental Protection Technician, conducted a desktop inspection of the Coal Mountain mine. The inspector reviewed the 2015 third-quarter report to determine compliance with the effluent discharge permit issued  to the mine under the Environmental Management Act.",,"ENV Inspection Report 31508","Coal_Mountain_2016-11-21_EP-InspectionRpt_AMS4750_31508","https://mines.empr.gov.bc.ca/api/document/589bb88c87567d001d188107/fetch",,,,,,,
"Copper Mountain","ENV",25425,2/2/2016,"SL","On February 02, 2016, Stephanie Little, Environmental Protection Officer, conducted an on-site inspection at the Copper Mountain mine. She was accompanied by Stephen Rothman, Inspector of Mines, Health & Safety and geotechnical staff from Golder. The inspector examined an incident involving a spill of debris from the mine site. ",,"ENV Inspection Report 25425","Copper_Mountain_2016-02-02_EP-InspectionRpt_AMS261_25425","https://mines.empr.gov.bc.ca/api/document/589bb80087567d001d1880f6/fetch",,,,,,,
"Elkview Operations","ENV",28608,5/17/2016,"RB","On May 17, 2016, Ross Blake, Environmental Protection Officer, conducted an on-site inspection at the Elkview mine in response to a complaint regarding dust from the mine site. ",,"ENV Inspection Report 28608","Elkview_2016-05-17_EP-InspectionRpt_AMS1807_28608","https://mines.empr.gov.bc.ca/api/document/589bb7cf87567d001d18809c/fetch",,,,,,,
"Elkview Operations","ENV",30388,10/3/2016,"SP","On October 3, 2016, Stewart Paterson, Environmental Protection Technician, conducted a desktop inspection of the Elkview mine. The inspector examined compliance under the Environmental Management Act effluent discharge permit. ",,"ENV Inspection Report 30388","Elkview_2016-10-03_EP-InspectionRpt_AMS425_30388","https://mines.empr.gov.bc.ca/api/document/589bb7cf87567d001d1880a1/fetch",,,,,,,
"Elkview Operations","ENV",30529,10/12/2016,"SP","On October 12, 2016, Stewart Paterson, Environmental Protection Technician, conducted a desktop inspection of the Elkview mine. The inspector reviewed the 2016 first-quarter report to determine compliance with the mine's effluent discharge permit issued under the Environmental Management Act.",,"ENV Inspection Report 30529","Elkview_2016-10-12_EP-InspectionRpt_AMS425_30529","https://mines.empr.gov.bc.ca/api/document/589bb7cf87567d001d1880a0/fetch",,,,,,,
"Elkview Operations","ENV",30596,10/12/2016,"SP","On October 12, 2016, Stewart Paterson, Environmental Protection Technician, conducted a desktop inspection of the Elkview mine. The inspector reviewed the 2016 second-quarter report to determine compliance with the mine's effluent discharge permit issued under the Environmental Management Act.",,"ENV Inspection Report 30596","Elkview_2016-10-12_EP-InspectionRpt_AMS425_30596","https://mines.empr.gov.bc.ca/api/document/589bb7cf87567d001d1880e9/fetch",,,,,,,
"Elkview Operations","ENV",31156,10/28/2016,"RB","On September 01, 2016, Ross Blake, Environmental Protection Officer, conducted an on-site inspection at the Elkview mine in response to a fugitive dust complaint.",,"ENV Inspection Report 31156","Elkview_2016-10-28_EP-InspectionRpt_AMS1807_31156","https://mines.empr.gov.bc.ca/api/document/589bb7cf87567d001d18809b/fetch",,,,,,,
"Elkview Operations","ENV",31427,11/2/2016,"DO","On November 2, 2016, Devan Oldfield, Environmental Protection Officer, conducted an on-site inspection at the Elkview mine to determine compliance with the Environmental Management Act effluent discharge permit. ",,"ENV Inspection Report 31427","Elkview_2016-11-02_EP-InspectionRpt_AMS425_31427","https://mines.empr.gov.bc.ca/api/document/589bb7cf87567d001d18809d/fetch",,,,,,,
"Elkview Operations","ENV",31495,11/21/2016,"SP","On November 21, 2016, Stewart Paterson, Environmental Protection Technician, conducted a desktop inspection of the Elkview mine's 2015 third-quarter report to determine compliance with the Environmental Management Act effluent discharge permit. ",,"ENV Inspection Report 31495","Elkview_2016-11-21_EP-InspectionRpt_AMS425_31495","https://mines.empr.gov.bc.ca/api/document/589bb7cf87567d001d18809e/fetch",,,,,,,
"Fording River Operations","ENV",25967,4/11/2016,"LA","On April 11, 2016, Liz Archibald, Environmental Protection Officer, conducted an office review of the Fording River mine. The inspector reviewed the 2015 third-quarter and fourth-quarter reports for the air discharge permit issued to the mine under the Environmental Management Act.",,"ENV Inspection Report 25967","Fording_River_2016-04-11_EP-InspectionRpt_AMS1501_25967","https://mines.empr.gov.bc.ca/api/document/589bb76587567d001d18805d/fetch",,,,,,,
"Fording River Operations","ENV",30568,10/12/2016,"SP","On October 12, 2016, Stewart Paterson, Environmental Protection Technician, conducted a desktop inspection of the Fording River mine. The inspector examined compliance under the Environmental Management Act effluent discharge permit.",,"ENV Inspection Report 30568","Fording_River_2016-10-12_EP-InspectionRpt_AMS424_30568","https://mines.empr.gov.bc.ca/api/document/589bb76587567d001d188086/fetch",,,,,,,
"Fording River Operations","ENV",30647,10/18/2016,"SP","On October 18, 2016, Stewart Paterson, Environmental Protection Technician, conducted a desktop inspection of the Fording River mine. The inspector examined compliance under the Environmental Management Act effluent discharge permit.",,"ENV Inspection Report 30647","Fording_River_2016-10-18_EP_InspectionRpt_AMS424_30647","https://mines.empr.gov.bc.ca/api/document/589bb76487567d001d18805b/fetch",,,,,,,
"Fording River Operations","ENV",30688,10/18/2016,"SP","On October 18, 2016, Stewart Paterson, Environmental Protection Technician, conducted a desktop inspection of the Fording River mine. The inspector reviewed the 2016 second-quarter report to determine compliance with the effluent discharge permit issued to the mine under the Environmental Management Act.",,"ENV Inspection Report 30688","Fording_River_2016-10-18_EP-InspectionRpt_AMS424_30688","https://mines.empr.gov.bc.ca/api/document/589bb76487567d001d18805a/fetch",,,,,,,
"Fording River Operations","ENV",31487,11/21/2016,"SP","On November 21, 2016, Stewart Paterson, Environmental Protection Technician, conducted a desktop inspection of the Fording River mine. The inspector reviewed the 2016 third-quarter report.  ",,"ENV Inspection Report 31487","Fording_River_2016-11-21_EP-InspectionRpt_AMS424_31487","https://mines.empr.gov.bc.ca/api/document/589bb76587567d001d18805c/fetch",,,,,,,
"Gibraltar","ENV",25585,2/11/2016,"JG","On February 11, 2016, Jack Green, Environmental Protection Officer, conducted a review of permit requirements at the Gibraltar mine. The inspector examined compliance under the Environmental Management Act effluent discharge permit.",,"ENV Inspection Report 25585","Gibraltar_2016-02-11_EP-InspectionRpt_AMS416_25585","https://mines.empr.gov.bc.ca/api/document/589bb67487567d001d188019/fetch",,,,,,,
"Gibraltar","ENV",28367,3/30/2016,"JG","On March 30, 2016, Jack Green, Environmental Protection Officer, visited the Gibraltar mine for a comprehensive inspection. The inspection was in response to an unauthorized discharge. ",,"ENV Inspection Report 28367","Gibraltar_2016-03-30_EP-InspectionRpt_AMS416_28367","https://mines.empr.gov.bc.ca/api/document/589bb67487567d001d18801b/fetch",,,,,,,
"Gibraltar","ENV",27848,4/19/2016,"JG","On April 19, 2016, Jack Green, Environmental Protection Officer, visited the Gibraltar mine for an on-site inspection. He was accompanied by 2 mine employees. The inspection included a review of the mine's Environmental Management Act effluent permit conditions and a site tour.",,"ENV Inspection Report 27848","Gibraltar_2016-04-19_EP-Inspection_AMS1595_27848","https://mines.empr.gov.bc.ca/api/document/589bb67487567d001d18801c/fetch",,,,,,,
"Gibraltar","ENV",27793,4/19/2016,"JG","On April 19, 2016, Jack Green, Environmental Protection Officer, visited the Gibraltar mine for an on-site inspection. He was accompanied by 2 mine employees. Site inspection consisted of a review of the mine's Environmental Management Act air permit requirements and a tour of the
mine and mill operation, including authorized discharges.On April 19, 2016, Jack Green, Environmental Protection Officer, visited the Gibraltar mine for an on-site inspection. He was accompanied by 2 mine employees. Site inspection consisted of a review of the mine's Environmental Management Act air permit requirements and a tour of the
mine and mill operation, including authorized discharges.On April 19, 2016, Jack Green, Environmental Protection Officer, visited the Gibraltar mine for an on-site inspection. He was accompanied by 2 mine employees. Site inspection consisted of a review of the mine's Environmental Management Act air permit requirements and a tour of the
mine and mill operation, including authorized discharges.",,"ENV Inspection Report 27793","Gibraltar_2016-04-19_EP-InspectionRpt_AMS416_27793","https://mines.empr.gov.bc.ca/api/document/589bb67487567d001d18801a/fetch",,,,,,,
"Gibraltar","ENV",29008,8/24/2016,"MB","On August 24, 2016, Matthew Beckett, Senior Environmental Protection Officer, visited Gibraltar mine for an on-site inspection. The inspection was in response to a water containment incident report. ",,"ENV Inspection Report 29008","Gibraltar_2016-08-24_EP-Inspection_AMS416_29008","https://mines.empr.gov.bc.ca/api/document/589bb67487567d001d188024/fetch",,,,,,,
"Greenhills Operations","ENV",26027,4/11/2016,"LA","On April 11, 2016, Liz Archibald, Environmental Protection Officer, conducted an office review of the Greenhills mine. The inspector reviewed the first-quarter, third-quarter and fourth-quarter reports for the air discharge permit issued to the mine under the Environmental Management Act to determine compliance.",,"ENV Inspection Report 26027","Greenhills_2016-04-11_EP-InspectionRpt_AMS6249_26027","https://mines.empr.gov.bc.ca/api/document/589bb5f987567d001d187fe5/fetch",,,,,,,
"Greenhills Operations","ENV",31109,10/28/2016,"SP","On October 28, 2016, Stewart Paterson, Environmental Protection Technician, conducted a desktop review of the Greenhills mine. The inspector reviewed the 2015 fourth-quarter report to determine if the mine was in compliance with its Environmental Management Act effluent discharge permit.",,"ENV Inspection Report 31109","Greenhills_2016-10-28_EP-InspectionRpt_AMS6248_31109","https://mines.empr.gov.bc.ca/api/document/589bb5f987567d001d187fe6/fetch",,,,,,,
"Greenhills Operations","ENV",31111,10/31/2016,"SP","On October 31, 2016, Stewart Paterson, Environmental Protection Technician, conducted a desktop review of the Greenhills mine. The inspector reviewed the 2015 second-quarter report to determine if the mine was in compliance with its Environmental Management Act effluent discharge permit.",,"ENV Inspection Report 31111","Greenhills_2016-10-31_EP_InspectionRpt_AMS6248_31111","https://mines.empr.gov.bc.ca/api/document/589bb5f987567d001d187ffd/fetch",,,,,,,
"Greenhills Operations","ENV",31087,10/31/2016,"SP","On October 31, 2016, Stewart Paterson, Environmental Protection Technician, conducted a desktop review of the Greenhills mine. The inspector reviewed the 2015 first-quarter report to determine if the mine was in compliance with its Environmental Management Act effluent discharge permit.",,"ENV Inspection Report 31087","Greenhills_2016-10-31_EP-InspectionRpt_AMS6248_31087","https://mines.empr.gov.bc.ca/api/document/589bb5f987567d001d187ff3/fetch",,,,,,,
"Highland Valley Copper","ENV",28993,6/16/2016,"JG","On June 16, 2016, Environmental Protection Officer Jack Green conducted an on-site inspection at the Highland Valley Copper (HVC) mine. He was accompanied by 2 other Environmental Protection Officers and several mine employees. The inspector assessed HVC's compliance with requirements of its effluent discharge permit issued under the Environmental Management Act. In addition to the site visit, HVC’s 2015 annual report was reviewed as part of this inspection.",,"ENV Inspection Report 28993","HVC_2016-06-16_EP-InspectionRpt_AMS376_28993","https://mines.empr.gov.bc.ca/api/document/589bb50087567d001d187fc0/fetch",,,,,,,
"Highland Valley Copper","ENV",29667,6/16/2016,"JG","On June 16, 2016, Environmental Protection Officer Jack Green conducted an on-site inspection at the Highland Valley Copper (HVC) mine. He was accompanied by 2 other Environmental Protection Officers and several mine employees. The inspector assessed HVC's compliance with requirements of its air discharge permit issued under the Environmental Management Act. In addition to the site visit, HVC’s 2015 annual report was reviewed as part of this inspection.",,"ENV Inspection Report 29667","HVC_2016-06-16_EP-InspectionRpt_AMS1557_29667","https://mines.empr.gov.bc.ca/api/document/589bb4ff87567d001d187fb1/fetch",,,,,,,
"Highland Valley Copper","ENV",29687,6/16/2016,"JG","On June 16, 2016, Environmental Protection Officer Jack Green conducted an on-site inspection at the Highland Valley Copper (HVC) mine. He was accompanied by 2 other Environmental Protection Officers and several mine employees. The inspector assessed HVC's compliance with requirements of its refuse discharge permit issued under the Environmental Management Act. In addition to the site visit, HVC’s 2015 annual report was reviewed as part of this inspection.",,"ENV Inspection Report 29687","HVC_2016-06-16_EP-InspectionRpt_AMS2460_29687","https://mines.empr.gov.bc.ca/api/document/589bb4ff87567d001d187fb2/fetch",,,,,,,
"Highland Valley Copper","ENV",29676,6/16/2016,"JG","On June 16, 2016, Environmental Protection Officer Jack Green conducted an on-site inspection at the Highland Valley Copper (HVC) mine. He was accompanied by 2 other Environmental Protection Officers and several mine employees. The inspector assessed HVC's compliance with requirements of its biosolids discharge permit issued under the Environmental Management Act. In addition to the site visit, HVC’s 2015 annual report was reviewed as part of this inspection.",,"ENV Inspection Report 29676","HVC_2016-06-16_EP-InspectionRpt_AMS15894_29676","https://mines.empr.gov.bc.ca/api/document/589bb4ff87567d001d187fb3/fetch",,,,,,,
"Line Creek Operations","ENV",20428,2/1/2016,"LA","On February 1, 2016, Liz Archibald, Environmental Protection Officer, conducted a data review of the Line Creek mine. The inspector reviewed data from the first through fourth-quarter reports for 2015 to determine if the mine was in compliance with its compliance its air discharge permit issued under the Environmental Management Act.",,"ENV Inspection Report 20428","Line_Creek_2016-02-01_EP-InspectionRpt_AMS5352_20428","https://mines.empr.gov.bc.ca/api/document/589bb1de87567d001d187f71/fetch",,,,,,,
"Line Creek Operations","ENV",31031,10/27/2016,"SP","On October 27, 2016, Stewart Paterson, Environmental Protection Technician, conducted a desktop inspection of the Line Creek mine. The inspector reviewed the 2015 fourth-quarter report to determine if the mine was in compliance with its effluent discharge permit issued under the Environmental Management Act.",,"ENV Inspection Report 31031","Line_Creek_2016-10-27_EP-InspectionRpt_AMS5353_31031","https://mines.empr.gov.bc.ca/api/document/589bb1de87567d001d187f6c/fetch",,,,,,,
"Line Creek Operations","ENV",31036,10/27/2016,"SP","On October 27, 2016, Stewart Paterson, Environmental Protection Technician, conducted a desktop inspection of the Line Creek mine. The inspector reviewed the 2016 first-quarter report to determine if the mine was in compliance with its effluent discharge permit issued under the Environmental Management Act.",,"ENV Inspection Report 31036","Line_Creek_2016-10-27_EP-InspectionRpt_AMS5353_31036","https://mines.empr.gov.bc.ca/api/document/589bb1de87567d001d187f6f/fetch",,,,,,,
"Line Creek Operations","ENV",31067,10/28/2016,"SP","On October 28, 2016, Stewart Paterson, Environmental Protection Technician, conducted a desktop inspection of the Line Creek mine. The inspector reviewed the 2016 second-quarter report to determine if the mine was in compliance with its effluent discharge permit issued under the Environmental Management Act.",,"ENV Inspection Report 31067","Line_Creek_2016-10-28_EP-InspectionRpt_AMS5353_31067","https://mines.empr.gov.bc.ca/api/document/589bb1de87567d001d187f6e/fetch",,,,,,,
"Line Creek Operations","ENV",31510,10/28/2016,"SP","On October 28, 2016, Stewart Paterson, Environmental Protection Technician, conducted a desktop inspection of the Line Creek mine. The inspector reviewed the 2016 third-quarter report to determine if the mine was in compliance with its effluent discharge permit issued under the Environmental Management Act.",,"ENV Inspection Report 31510","Line_Creek_2016-10-28_EP-InspectionRpt_AMS5353_31510","https://mines.empr.gov.bc.ca/api/document/589bb1de87567d001d187f6d/fetch",,,,,,,
"Mount Milligan","ENV",24765,2/2/2016,"NB","On February 02, 2016, Neil Bailey, Senior Environmental Protection Officer, conducted a file review of the Mount Milligan mine. The inspector reviewed files from between 2013 and 2016, in addition to the 2013 annual report, 2013 third-quarter and fourth-quarter reports, and first through fourth-quarter reports for 2015, to determine if the mine was in compliance with its effluent discharge permit issued under the Environmental Management Act.",,"ENV Inspection Report 24765","Mount_Milligan_2016-02-02_EP-InspectionRpt_AMS104777_24765","https://mines.empr.gov.bc.ca/api/document/589bae8b87567d001d187ef9/fetch",,,,,,,
"Mount Polley","ENV",25206,1/28/2016,"JG","On January 28, 2016, Environmental Protection Officer Jack Green conducted a site inspection at the Mount Polley mine, accompanied by Brian Yamelst (MOE EPD Authorizations), Chris Swan (MOE Impact Assessment Biologist), Seline Lee (Williams Lake Indian Band) and Mount Polley Mining Corporation staff members. ",,"ENV Inspection Report 25206","Mount_Polley_2016-01-28_EP-InspectionRpt_AMS11678_25206","https://mines.empr.gov.bc.ca/api/document/589baa2587567d001d187e74/fetch",,,,,,,
"Mount Polley","ENV",26347,3/4/2016,"JG","On March 04, 2016, Jack Green, Environmental Protection Officer, conducted an office review inspection of the Mount Polley mine. The inspector responded to a January 2016 exceedance report and the February 2016 final incident investigation report. ",,"ENV Inspection Report 26347","Mount_Polley_2016-03-04_EP-InspectionRpt_AMS11678_26347","https://mines.empr.gov.bc.ca/api/document/589baa2587567d001d187e72/fetch",,,,,,,
"Mount Polley","ENV",28467,6/14/2016,"JG","On June 14, 2016, Jack Green, Environmental Protection Officer, conducted an on-site inspection at the Mount Polley mine. He was accompanied by the mine's Environmental Coordinator. The inspector examined compliance with the Environmental Management Act effluent discharge permit. ",,"ENV Inspection Report 28467","Mount_Polley_2016-06-14_EP-InspectionRpt_AMS11678_28467","https://mines.empr.gov.bc.ca/api/document/589baa2587567d001d187e77/fetch",,,,,,,
"Mount Polley","ENV",28991,6/14/2016,"JG","On June 14, 2016, Jack Green, Environmental Protection Officer, conducted an on-site inspection at the Mount Polley mine. He was accompanied by the mine's Environmental Coordinator. The inspector examined compliance with the Environmental Management Act refuse discharge permit. ",,"ENV Inspection Report 28991","Mount_Polley_2016-06-14_EP-InspectionRpt_AMS14590_28991","https://mines.empr.gov.bc.ca/api/document/589baa2587567d001d187e73/fetch",,,,,,,
"Mount Polley","ENV",28990,6/14/2016,"JG","On June 14, 2016, Jack Green, Environmental Protection Officer, conducted an on-site inspection at the Mount Polley mine. He was accompanied by the mine's Environmental Coordinator. The inspector examined compliance with the Environmental Management Act air discharge permit. ",,"ENV Inspection Report 28990","Mount_Polley_2016-06-14_EP-InspectionRpt_AMS15087_28990","https://mines.empr.gov.bc.ca/api/document/589baa2587567d001d187e75/fetch",,,,,,,
"Mount Polley","ENV",21925,6/14/2016,"JG","On June 14, 2016, Jack Green, Environmental Protection Officer, conducted an on-site inspection at the Mount Polley mine. He was accompanied by the mine's Environmental Coordinator. The inspector examined compliance with the Environmental Management Act biosolids discharge permit. ",,"ENV Inspection Report 21925","Mount_Polley_2016-06-14_EP-InspectionRpt_AMS15968_21925","https://mines.empr.gov.bc.ca/api/document/589baa2587567d001d187e76/fetch",,,,,,,
"Mount Polley","ENV",27427,8/12/2016,"LP","On August 12, 2016, Leslie Payette, Operations Manager, conducted an office review inspection of the Mount Polley mine. The inspector reviewed various 2016 non-compliance reports. ",,"ENV Inspection Report 27427","Mount_Polley_2016-08-12_EP-InspectionRpt_AMS11678_27427","https://mines.empr.gov.bc.ca/api/document/589baa2687567d001d187ec0/fetch",,,,,,,
"New Afton","ENV",27162,4/7/2016,"JG, JB","On April 7, 2016, Jack Green, Environmental Protection Officer and Jason Bourgeois, MOE Compliance Section Head conducted an on-site inspection at the New Afton mine. They were accompanied by the mine's Environmental Coordinator. The inspectors toured the mine site and reviewed the 2015 annual report to assess New Afton's compliance with its air discharge permit issued under the Environmental Management Act. ",,"ENV Inspection Report 27162","New_Afton_2016-04-07_EP-InspectionRpt_AMS100223_27162","https://mines.empr.gov.bc.ca/api/document/589bbac687567d001d1881e0/fetch",,,,,,,
"New Afton","ENV",27148,4/7/2016,"JG, JB","On April 7, 2016, Jack Green, Environmental Protection Officer and Jason Bourgeois, MOE Compliance Section Head conducted an on-site inspection at the New Afton mine. They were accompanied by the mine's Environmental Coordinator. The inspection involved a tour of the mine and examining the 2015 annual report to assess New Afton's compliance with its effluent discharge permit issued under the Environmental Management Act. ",,"ENV Inspection Report 27148","New_Afton_2016-04-07_EP-InspectionRpt_AMS100224_27148","https://mines.empr.gov.bc.ca/api/document/589bbac687567d001d1881e1/fetch",,,,,,,
"Red Chris","ENV",27150,8/2/2016,"NB","From August 2–4, 2016, Neil Bailey, Senior Environmental Protection Officer, conducted an on-site inspection at the Red Chris mine. He was accompanied by two other MOE staff members and Red Chris Development Company representatives. The inspector examined the mine's effluent discharges for compliance with its Environmental Management Act effluent discharge permit. ",,"ENV Inspection Report 27150","Red_Chris_2016-08-02_EP-InspectionRpt_AMS105017_27150","https://mines.empr.gov.bc.ca/api/document/589bba6c87567d001d1881c7/fetch",,,,,,,
"Red Chris","ENV",27153,8/2/2016,"NB","From August 2–4, 2016, Neil Bailey, Senior Environmental Protection Officer, conducted an on-site inspection at the Red Chris mine. He was accompanied by two other MOE staff members and Red Chris Development Company representatives. The inspector examined the mine's compliance with its Environmental Management Act air discharge permit. ",,"ENV Inspection Report 27153","Red_Chris_2016-08-02_EP-InspectionRpt_AMS106668_27153","https://mines.empr.gov.bc.ca/api/document/589bba6c87567d001d1881c6/fetch",,,,,,,
"Silvertip","ENV",30376,9/27/2016,"NB, DH","On September 27, 2016, Neil Bailey, Senior Environmental Protection Officer, and Dave Hebert, Environmental Protection officer, conducted an on-site inspection at the Silvertip mine. They were accompanied by JDS Silver staff. The inspectors examined Silvertip's compliance with its Environmental Management Act effluent discharge permit. ",,"ENV Inspection Report 30376","Silvertip_2016-06-27_EP-InspectionRpt_AMS7337_30376","https://mines.empr.gov.bc.ca/api/document/589ba3a987567d001d187dfd/fetch",,,,,,,
"Silvertip","ENV",30591,9/27/2016,"DH, NB","On September 27, 2016, Neil Bailey, Senior Environmental Protection Officer, and Dave Hebert, Environmental Protection Officer, conducted an on-site inspection at the Silvertip mine. The inspectors examined Silvertip's compliance with its Environmental Management Act air discharge permit.",,"ENV Inspection Report 30591","Silvertip_2016-09-27_EP-InspectionRpt_AMS107277_30591","https://mines.empr.gov.bc.ca/api/document/589ba3a987567d001d187dfe/fetch",,,,,,,
"Brucejack","EAO",,7/5/2016,"CP","Between July 5 and July 8, 2016, C&E Parks and C&E McLean inspected the Brucejack Project (Project), including the mine site, access roads, the Tide transfer area, the Redeye camp, the Troy laydown, the Bowser camp, aerodrome, and laydown area, the Knipple transfer area and camp, and the glacier road. During the inspection C&E Parks and C&E McLean noted areas of compliance concern to Pretium staff accompanying the inspection, and completed a debrief of inspection observations with Pretium representatives after the inspection via teleconference on the afternoon of July 21, 2016.","Inspection Report - July 5-8, 2016","EAO Inspection Record",,"https://projects.eao.gov.bc.ca/api/document/5886902ce036fb01057689a1/fetch",,,,,,,
"Brule","EAO",,7/21/2015,"JC, BB","This record details the results of an inspection against conditions attached to EAC# M06-02, that occurred July 21, 2015. The inspection was conducted by Justin Carlson, Compliance Officer, BC Environmental Assessment Office and Brenda Black, Compliance Officer, BC Environmental Assessment Office. In addition to officer Black, officer Carlson was accompanied during the inspection by the following: Alex BRISSARD, Environmental Manager (Walter Energy) and Harrison MAZUR, Environmental Technician (Walter Energy). The Brule Mine is currently in care and maintenance mode as production has stopped. ","Inspection Report - July 21, 2015","EAO Inspection Record",,"https://projects.eao.gov.bc.ca/api/document/5886f8d8a4acd4014b820c99/fetch",,,,,,,
"Red Chris","EAO",,6/17/2015,"CP, BB","EAO Senior Compliance Officer Chris Parks (C&E Parks) and EAO Compliance Officer Brenda Black (C&E Black) conducted an inspection of the Red Chris Mine on June 17, 2015, against the requirements of EAC#M05-02 (Appendix A). Cory KOENIG, Senior Environmental Advisor, Red Chris Development Company Ltd. (RCDC), attended the inspection with C&E Parks and C&E Black. RCDC is a subsidiary of Imperial Metals.","Inspection Report - June 17, 2015","EAO Inspection Record",,"https://projects.eao.gov.bc.ca/api/document/5886b3c4a4acd4014b81ff23/fetch",,,,,,,
